"1";"2015-03-04 17:24:34";"1";"ENTC1";"0";"0";"473";"1";"511";"48"
"2";"2015-03-04 17:24:35";"1";"ENTC1";"0";"0";"497";"1";"510";"59"
"3";"2015-03-04 17:24:35";"1";"ENTC1";"0";"0";"489";"1";"509";"52"
"4";"2015-03-04 17:24:35";"1";"ENTC1";"0";"0";"487";"1";"511";"56"
"5";"2015-03-04 17:24:35";"1";"ENTC1";"0";"0";"504";"1";"514";"50"
"6";"2015-03-04 17:24:35";"1";"ENTC1";"0";"0";"477";"1";"511";"46"
"7";"2015-03-04 17:24:35";"1";"ENTC1";"0";"0";"495";"1";"511";"57"
"8";"2015-03-04 17:24:35";"1";"ENTC1";"0";"0";"498";"1";"520";"58"
"9";"2015-03-04 17:24:36";"1";"ENTC1";"0";"0";"495";"1";"515";"48"
"10";"2015-03-04 17:24:36";"1";"ENTC1";"0";"0";"468";"1";"511";"52"
"11";"2015-03-04 17:24:36";"1";"ENTC1";"0";"0";"498";"1";"509";"60"
"12";"2015-03-04 17:24:36";"1";"ENTC1";"0";"0";"488";"1";"511";"58"
"13";"2015-03-04 17:24:36";"1";"ENTC1";"0";"0";"488";"1";"509";"50"
"14";"2015-03-04 17:24:36";"1";"ENTC1";"0";"0";"508";"1";"508";"56"
"15";"2015-03-04 17:24:36";"1";"ENTC1";"0";"0";"476";"1";"507";"50"
"16";"2015-03-04 17:24:36";"1";"ENTC1";"0";"0";"490";"1";"506";"42"
"17";"2015-03-04 17:24:36";"1";"ENTC1";"0";"0";"486";"1";"506";"57"
"18";"2015-03-04 17:24:36";"1";"ENTC1";"0";"0";"473";"1";"504";"63"
"19";"2015-03-04 17:24:36";"1";"ENTC1";"0";"0";"500";"1";"503";"56"
"20";"2015-03-04 17:24:36";"1";"ENTC1";"0";"0";"491";"1";"502";"36"
"21";"2015-03-04 17:24:36";"1";"ENTC1";"0";"0";"489";"1";"504";"47"
"22";"2015-03-04 17:24:36";"1";"ENTC1";"0";"0";"495";"1";"504";"60"
"23";"2015-03-04 17:24:36";"1";"ENTC1";"0";"0";"480";"1";"505";"60"
"24";"2015-03-04 17:24:36";"1";"ENTC1";"0";"0";"500";"1";"506";"36"
"25";"2015-03-04 17:24:36";"1";"ENTC1";"0";"0";"496";"1";"504";"48"
"26";"2015-03-04 17:24:36";"1";"ENTC1";"0";"0";"482";"1";"502";"61"
"27";"2015-03-04 17:24:37";"1";"ENTC1";"0";"0";"495";"1";"504";"62"
"28";"2015-03-04 17:24:37";"1";"ENTC1";"0";"0";"478";"1";"506";"50"
"29";"2015-03-04 17:24:37";"1";"ENTC1";"0";"0";"489";"1";"506";"36"
"30";"2015-03-04 17:24:37";"1";"ENTC1";"0";"0";"487";"1";"503";"53"
"31";"2015-03-04 17:24:37";"1";"ENTC1";"0";"0";"486";"1";"502";"46"
"32";"2015-03-04 17:24:37";"1";"ENTC1";"0";"0";"495";"1";"502";"48"
"33";"2015-03-04 17:24:37";"1";"ENTC1";"0";"0";"489";"1";"501";"51"
"34";"2015-03-04 17:24:37";"1";"ENTC1";"0";"0";"492";"1";"503";"40"
"35";"2015-03-04 17:24:37";"1";"ENTC1";"0";"0";"491";"1";"504";"49"
"36";"2015-03-04 17:24:37";"1";"ENTC1";"0";"0";"488";"1";"508";"52"
"37";"2015-03-04 17:24:37";"1";"ENTC1";"0";"0";"493";"1";"509";"46"
"38";"2015-03-04 17:24:37";"1";"ENTC1";"0";"0";"488";"1";"509";"46"
"39";"2015-03-04 17:24:37";"1";"ENTC1";"0";"0";"488";"1";"509";"43"
"40";"2015-03-04 17:24:37";"1";"ENTC1";"0";"0";"502";"1";"509";"38"
"41";"2015-03-04 17:24:37";"1";"ENTC1";"0";"0";"472";"1";"509";"48"
"42";"2015-03-04 17:24:37";"1";"ENTC1";"0";"0";"495";"1";"508";"51"
"43";"2015-03-04 17:24:37";"1";"ENTC1";"0";"0";"494";"1";"507";"49"
"44";"2015-03-04 17:24:37";"1";"ENTC1";"0";"0";"492";"1";"506";"51"
"45";"2015-03-04 17:24:37";"1";"ENTC1";"0";"0";"495";"1";"507";"57"
"46";"2015-03-04 17:24:37";"1";"ENTC1";"0";"0";"477";"1";"506";"52"
"47";"2015-03-04 17:24:37";"1";"ENTC1";"0";"0";"495";"1";"504";"46"
"48";"2015-03-04 17:24:38";"1";"ENTC1";"0";"0";"475";"1";"503";"51"
"49";"2015-03-04 17:24:38";"1";"ENTC1";"0";"0";"489";"1";"503";"51"
"50";"2015-03-04 17:24:38";"1";"ENTC1";"0";"0";"492";"1";"504";"51"
"51";"2015-03-04 17:24:38";"1";"ENTC1";"0";"0";"483";"1";"505";"39"
"52";"2015-03-04 17:24:38";"1";"ENTC1";"0";"0";"492";"1";"508";"43"
"53";"2015-03-04 17:24:38";"1";"ENTC1";"0";"0";"470";"1";"509";"57"
"54";"2015-03-04 17:24:38";"1";"ENTC1";"0";"0";"491";"1";"510";"37"
"55";"2015-03-04 17:24:38";"1";"ENTC1";"0";"0";"495";"1";"510";"45"
"56";"2015-03-04 17:24:38";"1";"ENTC1";"0";"0";"482";"1";"511";"64"
"57";"2015-03-04 17:24:38";"1";"ENTC1";"0";"0";"501";"1";"511";"48"
"58";"2015-03-04 17:24:38";"1";"ENTC1";"0";"0";"475";"1";"511";"48"
"59";"2015-03-04 17:24:38";"1";"ENTC1";"0";"0";"495";"1";"512";"48"
"60";"2015-03-04 17:24:38";"1";"ENTC1";"0";"0";"508";"1";"512";"56"
"61";"2015-03-04 17:24:38";"1";"ENTC1";"0";"0";"481";"1";"511";"68"
"62";"2015-03-04 17:24:38";"1";"ENTC1";"0";"0";"505";"1";"510";"51"
"63";"2015-03-04 17:24:38";"1";"ENTC1";"0";"0";"497";"1";"508";"58"
"64";"2015-03-04 17:24:39";"1";"ENTC1";"0";"0";"481";"1";"508";"45"
"65";"2015-03-04 17:24:39";"1";"ENTC1";"0";"0";"491";"1";"508";"59"
"66";"2015-03-04 17:24:39";"1";"ENTC1";"0";"0";"471";"1";"507";"51"
"67";"2015-03-04 17:24:39";"1";"ENTC1";"0";"0";"495";"1";"506";"52"
"68";"2015-03-04 17:24:39";"1";"ENTC1";"0";"0";"495";"1";"507";"50"
"69";"2015-03-04 17:24:39";"1";"ENTC1";"0";"0";"476";"1";"505";"54"
"70";"2015-03-04 17:24:39";"1";"ENTC1";"0";"0";"498";"1";"506";"54"
"71";"2015-03-04 17:24:39";"1";"ENTC1";"0";"0";"484";"1";"509";"53"
"72";"2015-03-04 17:24:39";"1";"ENTC1";"0";"0";"495";"1";"512";"54"
"73";"2015-03-04 17:24:39";"1";"ENTC1";"0";"0";"497";"1";"513";"56"
"74";"2015-03-04 17:24:39";"1";"ENTC1";"0";"0";"479";"1";"513";"58"
"75";"2015-03-04 17:24:39";"1";"ENTC1";"0";"0";"502";"1";"514";"60"
"76";"2015-03-04 17:24:39";"1";"ENTC1";"0";"0";"483";"1";"515";"55"
"77";"2015-03-04 17:24:39";"1";"ENTC1";"0";"0";"497";"1";"515";"45"
"78";"2015-03-04 17:24:39";"1";"ENTC1";"0";"0";"502";"1";"514";"57"
"79";"2015-03-04 17:24:39";"1";"ENTC1";"0";"0";"471";"1";"512";"40"
"80";"2015-03-04 17:24:39";"1";"ENTC1";"0";"0";"501";"1";"513";"64"
"81";"2015-03-04 17:24:40";"1";"ENTC1";"0";"0";"487";"1";"510";"58"
"82";"2015-03-04 17:24:40";"1";"ENTC1";"0";"0";"491";"1";"509";"50"
"83";"2015-03-04 17:24:40";"1";"ENTC1";"0";"0";"497";"1";"508";"58"
"84";"2015-03-04 17:24:40";"1";"ENTC1";"0";"0";"474";"1";"509";"55"
"85";"2015-03-04 17:24:40";"1";"ENTC1";"0";"0";"501";"1";"511";"41"
"86";"2015-03-04 17:24:40";"1";"ENTC1";"0";"0";"496";"1";"511";"43"
"87";"2015-03-04 17:24:40";"1";"ENTC1";"0";"0";"480";"1";"510";"37"
"88";"2015-03-04 17:24:40";"1";"ENTC1";"0";"0";"503";"1";"511";"63"
"89";"2015-03-04 17:24:40";"1";"ENTC1";"0";"0";"472";"1";"511";"44"
"90";"2015-03-04 17:24:40";"1";"ENTC1";"0";"0";"485";"1";"511";"54"
"91";"2015-03-04 17:24:40";"1";"ENTC1";"0";"0";"502";"1";"508";"56"
"92";"2015-03-04 17:24:40";"1";"ENTC1";"0";"0";"483";"1";"509";"47"
"93";"2015-03-04 17:24:40";"1";"ENTC1";"0";"0";"510";"1";"509";"62"
"94";"2015-03-04 17:24:40";"1";"ENTC1";"0";"0";"484";"1";"511";"51"
"95";"2015-03-04 17:24:40";"1";"ENTC1";"0";"0";"484";"1";"510";"56"
"96";"2015-03-04 17:24:41";"1";"ENTC1";"0";"0";"492";"1";"506";"59"
"97";"2015-03-04 17:24:41";"1";"ENTC1";"0";"0";"496";"1";"502";"53"
"98";"2015-03-04 17:24:41";"1";"ENTC1";"0";"0";"488";"1";"503";"41"
"99";"2015-03-04 17:24:41";"1";"ENTC1";"0";"0";"480";"1";"503";"60"
"100";"2015-03-04 17:24:41";"1";"ENTC1";"0";"0";"491";"1";"505";"64"
"101";"2015-03-04 17:24:41";"1";"ENTC1";"0";"0";"495";"1";"502";"44"
"102";"2015-03-04 17:24:41";"1";"ENTC1";"0";"0";"486";"1";"502";"57"
"103";"2015-03-04 17:24:41";"1";"ENTC1";"0";"0";"486";"1";"502";"54"
"104";"2015-03-04 17:24:41";"1";"ENTC1";"0";"0";"470";"1";"503";"39"
"105";"2015-03-04 17:24:41";"1";"ENTC1";"0";"0";"502";"1";"501";"46"
"106";"2015-03-04 17:24:41";"1";"ENTC1";"0";"0";"493";"1";"502";"35"
"107";"2015-03-04 17:24:41";"1";"ENTC1";"0";"0";"498";"1";"503";"50"
"108";"2015-03-04 17:24:41";"1";"ENTC1";"0";"0";"507";"1";"503";"52"
"109";"2015-03-04 17:24:41";"1";"ENTC1";"0";"0";"475";"1";"505";"56"
"110";"2015-03-04 17:24:41";"1";"ENTC1";"0";"0";"500";"1";"506";"41"
"111";"2015-03-04 17:24:41";"1";"ENTC1";"0";"0";"482";"1";"505";"53"
"112";"2015-03-04 17:24:41";"1";"ENTC1";"0";"0";"494";"1";"508";"47"
"113";"2015-03-04 17:24:41";"1";"ENTC1";"0";"0";"505";"1";"510";"58"
"114";"2015-03-04 17:24:42";"1";"ENTC1";"0";"0";"469";"1";"510";"61"
"115";"2015-03-04 17:24:42";"1";"ENTC1";"0";"0";"501";"1";"508";"47"
"116";"2015-03-04 17:24:42";"1";"ENTC1";"0";"0";"499";"1";"509";"43"
"117";"2015-03-04 17:24:42";"1";"ENTC1";"0";"0";"491";"1";"509";"39"
"118";"2015-03-04 17:24:42";"1";"ENTC1";"0";"0";"500";"1";"512";"49"
"119";"2015-03-04 17:24:42";"1";"ENTC1";"0";"0";"476";"1";"513";"59"
"120";"2015-03-04 17:24:42";"1";"ENTC1";"0";"0";"501";"1";"511";"53"
"121";"2015-03-04 17:24:42";"1";"ENTC1";"0";"0";"497";"1";"510";"45"
"122";"2015-03-04 17:24:42";"1";"ENTC1";"0";"0";"477";"1";"507";"57"
"123";"2015-03-04 17:24:42";"1";"ENTC1";"0";"0";"501";"1";"508";"49"
"124";"2015-03-04 17:24:42";"1";"ENTC1";"0";"0";"489";"1";"507";"50"
"125";"2015-03-04 17:24:42";"1";"ENTC1";"0";"0";"493";"1";"508";"52"
"126";"2015-03-04 17:24:42";"1";"ENTC1";"0";"0";"498";"1";"507";"45"
"127";"2015-03-04 17:24:42";"1";"ENTC1";"0";"0";"483";"1";"508";"57"
"128";"2015-03-04 17:24:42";"1";"ENTC1";"0";"0";"509";"1";"510";"40"
"129";"2015-03-04 17:24:42";"1";"ENTC1";"0";"0";"486";"1";"509";"53"
"130";"2015-03-04 17:24:42";"1";"ENTC1";"0";"0";"494";"1";"510";"47"
"131";"2015-03-04 17:24:42";"1";"ENTC1";"0";"0";"495";"1";"511";"63"
"132";"2015-03-04 17:24:43";"1";"ENTC1";"0";"0";"467";"1";"510";"58"
"133";"2015-03-04 17:24:43";"1";"ENTC1";"0";"0";"492";"1";"511";"56"
"134";"2015-03-04 17:24:43";"1";"ENTC1";"0";"0";"491";"1";"512";"52"
"135";"2015-03-04 17:24:43";"1";"ENTC1";"0";"0";"481";"1";"513";"40"
"136";"2015-03-04 17:24:43";"1";"ENTC1";"0";"0";"496";"1";"511";"54"
"137";"2015-03-04 17:24:43";"1";"ENTC1";"0";"0";"474";"1";"508";"60"
"138";"2015-03-04 17:24:43";"1";"ENTC1";"0";"0";"484";"1";"509";"40"
"139";"2015-03-04 17:24:43";"1";"ENTC1";"0";"0";"499";"1";"508";"58"
"140";"2015-03-04 17:24:43";"1";"ENTC1";"0";"0";"475";"1";"506";"58"
"141";"2015-03-04 17:24:43";"1";"ENTC1";"0";"0";"509";"1";"507";"50"
"142";"2015-03-04 17:24:43";"1";"ENTC1";"0";"0";"473";"1";"506";"50"
"143";"2015-03-04 17:24:45";"1";"ENTC1";"0";"0";"489";"1";"507";"49"
"144";"2015-03-04 17:24:45";"1";"ENTC1";"0";"0";"500";"1";"505";"42"
"145";"2015-03-04 17:24:45";"1";"ENTC1";"0";"0";"480";"1";"507";"53"
"146";"2015-03-04 17:24:45";"1";"ENTC1";"0";"0";"492";"1";"508";"59"
"147";"2015-03-04 17:24:46";"1";"ENTC1";"0";"0";"506";"1";"510";"59"
"148";"2015-03-04 17:24:46";"1";"ENTC1";"0";"0";"481";"1";"509";"52"
"149";"2015-03-04 17:24:46";"1";"ENTC1";"0";"0";"498";"1";"510";"41"
"150";"2015-03-04 17:24:46";"1";"ENTC1";"0";"0";"492";"1";"509";"41"
"151";"2015-03-04 17:24:46";"1";"ENTC1";"0";"0";"484";"1";"511";"53"
"152";"2015-03-04 17:24:46";"1";"ENTC1";"0";"0";"501";"1";"514";"55"
"153";"2015-03-04 17:24:46";"1";"ENTC1";"0";"0";"479";"1";"514";"40"
"154";"2015-03-04 17:24:46";"1";"ENTC1";"0";"0";"490";"1";"512";"39"
"155";"2015-03-04 17:24:46";"1";"ENTC1";"0";"0";"496";"1";"510";"50"
"156";"2015-03-04 17:24:46";"1";"ENTC1";"0";"0";"486";"1";"509";"46"
"157";"2015-03-04 17:24:46";"1";"ENTC1";"0";"0";"498";"1";"508";"59"
"158";"2015-03-04 17:24:46";"1";"ENTC1";"0";"0";"485";"1";"509";"37"
"159";"2015-03-04 17:24:46";"1";"ENTC1";"0";"0";"489";"1";"510";"56"
"160";"2015-03-04 17:24:46";"1";"ENTC1";"0";"0";"498";"1";"511";"57"
"161";"2015-03-04 17:24:46";"1";"ENTC1";"0";"0";"481";"1";"510";"48"
"162";"2015-03-04 17:24:46";"1";"ENTC1";"0";"0";"508";"1";"511";"57"
"163";"2015-03-04 17:24:46";"1";"ENTC1";"0";"0";"494";"1";"510";"58"
"164";"2015-03-04 17:24:46";"1";"ENTC1";"0";"0";"489";"1";"508";"50"
"165";"2015-03-04 17:24:47";"1";"ENTC1";"0";"0";"498";"1";"507";"46"
"166";"2015-03-04 17:24:47";"1";"ENTC1";"0";"0";"477";"1";"504";"62"
"167";"2015-03-04 17:24:47";"1";"ENTC1";"0";"0";"502";"1";"505";"64"
"168";"2015-03-04 17:24:47";"1";"ENTC1";"0";"0";"515";"1";"513";"58"
"169";"2015-03-04 17:24:47";"1";"ENTC1";"0";"0";"470";"1";"511";"41"
"170";"2015-03-04 17:24:47";"1";"ENTC1";"0";"0";"502";"1";"507";"46"
"171";"2015-03-04 17:24:47";"1";"ENTC1";"0";"0";"491";"1";"509";"46"
"172";"2015-03-04 17:24:47";"1";"ENTC1";"0";"0";"479";"1";"510";"55"
"173";"2015-03-04 17:24:47";"1";"ENTC1";"0";"0";"496";"1";"513";"49"
"174";"2015-03-04 17:24:47";"1";"ENTC1";"0";"0";"487";"1";"509";"60"
"175";"2015-03-04 17:24:47";"1";"ENTC1";"0";"0";"489";"1";"505";"54"
"176";"2015-03-04 17:24:47";"1";"ENTC1";"0";"0";"494";"1";"505";"59"
"177";"2015-03-04 17:24:47";"1";"ENTC1";"0";"0";"473";"1";"506";"45"
"178";"2015-03-04 17:24:47";"1";"ENTC1";"0";"0";"507";"1";"502";"51"
"179";"2015-03-04 17:24:47";"1";"ENTC1";"0";"0";"485";"1";"502";"57"
"180";"2015-03-04 17:24:47";"1";"ENTC1";"0";"0";"490";"1";"502";"52"
"181";"2015-03-04 17:24:47";"1";"ENTC1";"0";"0";"498";"1";"501";"61"
"182";"2015-03-04 17:24:47";"1";"ENTC1";"0";"0";"472";"1";"502";"58"
"183";"2015-03-04 17:24:48";"1";"ENTC1";"0";"0";"492";"1";"501";"64"
"184";"2015-03-04 17:24:48";"1";"ENTC1";"0";"0";"484";"1";"504";"57"
"185";"2015-03-04 17:24:48";"1";"ENTC1";"0";"0";"481";"1";"507";"53"
"186";"2015-03-04 17:24:48";"1";"ENTC1";"0";"0";"502";"1";"503";"50"
"187";"2015-03-04 17:24:48";"1";"ENTC1";"0";"0";"478";"1";"503";"50"
"188";"2015-03-04 17:24:48";"1";"ENTC1";"0";"0";"498";"1";"504";"51"
"189";"2015-03-04 17:24:49";"1";"ENTC1";"0";"0";"477";"1";"502";"50"
"190";"2015-03-04 17:24:50";"1";"ENTC1";"0";"0";"505";"1";"517";"54"
"191";"2015-03-04 17:24:50";"1";"ENTC1";"0";"0";"487";"1";"519";"53"
"192";"2015-03-04 17:24:50";"1";"ENTC1";"0";"0";"500";"1";"518";"58"
"193";"2015-03-04 17:24:50";"1";"ENTC1";"0";"0";"477";"1";"518";"49"
"194";"2015-03-04 17:24:50";"1";"ENTC1";"0";"0";"494";"1";"520";"43"
"195";"2015-03-04 17:24:50";"1";"ENTC1";"0";"0";"489";"1";"519";"55"
"196";"2015-03-04 17:24:50";"1";"ENTC1";"0";"0";"489";"1";"518";"49"
"197";"2015-03-04 17:24:50";"1";"ENTC1";"0";"0";"493";"1";"518";"65"
"198";"2015-03-04 17:24:50";"1";"ENTC1";"0";"0";"478";"1";"516";"46"
"199";"2015-03-04 17:24:50";"1";"ENTC1";"0";"0";"483";"1";"516";"60"
"200";"2015-03-04 17:24:50";"1";"ENTC1";"0";"0";"491";"1";"529";"63"
"201";"2015-03-04 17:24:50";"1";"ENTC1";"0";"0";"484";"1";"581";"66"
"202";"2015-03-04 17:24:50";"1";"ENTC1";"0";"0";"487";"0";"626";"57"
"203";"2015-03-04 17:24:50";"1";"ENTC1";"0";"0";"493";"0";"607";"51"
"204";"2015-03-04 17:24:50";"1";"ENTC1";"0";"0";"479";"0";"649";"44"
"205";"2015-03-04 17:24:50";"1";"ENTC1";"0";"0";"480";"0";"649";"58"
"206";"2015-03-04 17:24:50";"1";"ENTC1";"0";"0";"469";"0";"649";"52"
"207";"2015-03-04 17:24:50";"1";"ENTC1";"0";"0";"488";"0";"644";"71"
"208";"2015-03-04 17:24:51";"1";"ENTC1";"0";"0";"494";"0";"576";"62"
"209";"2015-03-04 17:24:52";"1";"ENTC1";"0";"0";"497";"0";"616";"50"
"210";"2015-03-04 17:24:52";"1";"ENTC1";"0";"0";"490";"0";"359";"59"
"211";"2015-03-04 17:24:52";"1";"ENTC1";"0";"0";"492";"0";"387";"39"
"212";"2015-03-04 17:24:52";"1";"ENTC1";"0";"0";"502";"0";"412";"37"
"213";"2015-03-04 17:24:52";"1";"ENTC1";"0";"0";"482";"1";"434";"50"
"214";"2015-03-04 17:24:52";"1";"ENTC1";"0";"0";"504";"1";"459";"39"
"215";"2015-03-04 17:24:53";"1";"ENTC1";"0";"0";"505";"1";"485";"57"
"216";"2015-03-04 17:24:53";"1";"ENTC1";"0";"0";"486";"1";"511";"50"
"217";"2015-03-04 17:24:53";"1";"ENTC1";"0";"0";"511";"1";"534";"62"
"218";"2015-03-04 17:24:53";"1";"ENTC1";"0";"0";"478";"1";"553";"61"
"219";"2015-03-04 17:24:53";"1";"ENTC1";"0";"0";"499";"1";"573";"57"
"220";"2015-03-04 17:24:53";"1";"ENTC1";"0";"0";"505";"1";"589";"45"
"221";"2015-03-04 17:24:53";"1";"ENTC1";"0";"0";"482";"0";"605";"52"
"222";"2015-03-04 17:24:53";"1";"ENTC1";"0";"0";"496";"0";"622";"34"
"223";"2015-03-04 17:24:53";"1";"ENTC1";"0";"0";"475";"0";"635";"52"
"224";"2015-03-04 17:24:53";"1";"ENTC1";"0";"0";"490";"0";"643";"40"
"225";"2015-03-04 17:24:53";"1";"ENTC1";"0";"0";"501";"0";"648";"43"
"226";"2015-03-04 17:24:53";"1";"ENTC1";"0";"0";"472";"0";"649";"46"
"227";"2015-03-04 17:24:53";"1";"ENTC1";"0";"0";"497";"0";"649";"60"
"228";"2015-03-04 17:24:53";"1";"ENTC1";"0";"0";"473";"0";"649";"61"
"229";"2015-03-04 17:24:53";"1";"ENTC1";"0";"0";"483";"0";"649";"36"
"230";"2015-03-04 17:24:53";"1";"ENTC1";"0";"0";"501";"0";"649";"57"
"231";"2015-03-04 17:24:54";"1";"ENTC1";"0";"0";"493";"0";"649";"61"
"232";"2015-03-04 17:24:54";"1";"ENTC1";"0";"0";"500";"0";"649";"59"
"233";"2015-03-04 17:24:54";"1";"ENTC1";"0";"0";"482";"0";"649";"44"
"234";"2015-03-04 17:24:54";"1";"ENTC1";"0";"0";"494";"0";"649";"44"
"235";"2015-03-04 17:24:54";"1";"ENTC1";"0";"0";"496";"0";"647";"54"
"236";"2015-03-04 17:24:54";"1";"ENTC1";"0";"0";"487";"0";"642";"66"
"237";"2015-03-04 17:24:54";"1";"ENTC1";"0";"0";"493";"0";"638";"51"
"238";"2015-03-04 17:24:54";"1";"ENTC1";"0";"0";"477";"0";"634";"54"
"239";"2015-03-04 17:24:54";"1";"ENTC1";"0";"0";"494";"0";"628";"61"
"240";"2015-03-04 17:24:54";"1";"ENTC1";"0";"0";"494";"0";"623";"54"
"241";"2015-03-04 17:24:54";"1";"ENTC1";"0";"0";"484";"0";"614";"60"
"242";"2015-03-04 17:24:54";"1";"ENTC1";"0";"0";"502";"0";"608";"58"
"243";"2015-03-04 17:24:54";"1";"ENTC1";"0";"0";"489";"0";"599";"55"
"244";"2015-03-04 17:24:54";"1";"ENTC1";"0";"0";"507";"1";"592";"42"
"245";"2015-03-04 17:24:54";"1";"ENTC1";"0";"0";"500";"1";"585";"48"
"246";"2015-03-04 17:24:54";"1";"ENTC1";"0";"0";"489";"1";"578";"46"
"247";"2015-03-04 17:24:54";"1";"ENTC1";"0";"0";"503";"1";"572";"53"
"248";"2015-03-04 17:24:54";"1";"ENTC1";"0";"0";"495";"1";"565";"36"
"249";"2015-03-04 17:24:54";"1";"ENTC1";"0";"0";"492";"1";"558";"51"
"250";"2015-03-04 17:24:55";"1";"ENTC1";"0";"0";"494";"1";"557";"53"
"251";"2015-03-04 17:24:55";"1";"ENTC1";"0";"0";"480";"1";"554";"48"
"252";"2015-03-04 17:24:55";"1";"ENTC1";"0";"0";"495";"1";"551";"47"
"253";"2015-03-04 17:24:55";"1";"ENTC1";"0";"0";"491";"1";"546";"47"
"254";"2015-03-04 17:24:55";"1";"ENTC1";"0";"0";"486";"1";"543";"38"
"255";"2015-03-04 17:24:55";"1";"ENTC1";"0";"0";"500";"1";"537";"55"
"256";"2015-03-04 17:24:55";"1";"ENTC1";"0";"0";"475";"1";"534";"60"
"257";"2015-03-04 17:24:55";"1";"ENTC1";"0";"0";"488";"1";"531";"56"
"258";"2015-03-04 17:24:55";"1";"ENTC1";"0";"0";"492";"1";"526";"54"
"259";"2015-03-04 17:24:56";"1";"ENTC1";"0";"0";"476";"1";"520";"55"
"260";"2015-03-04 17:24:56";"1";"ENTC1";"0";"0";"502";"1";"516";"43"
"261";"2015-03-04 17:24:56";"1";"ENTC1";"0";"0";"487";"1";"512";"48"
"262";"2015-03-04 17:24:56";"1";"ENTC1";"0";"0";"493";"1";"508";"56"
"263";"2015-03-04 17:24:56";"1";"ENTC1";"0";"0";"492";"1";"504";"61"
"264";"2015-03-04 17:24:56";"1";"ENTC1";"0";"0";"480";"1";"503";"48"
"265";"2015-03-04 17:24:56";"1";"ENTC1";"0";"0";"485";"1";"501";"37"
"266";"2015-03-04 17:24:56";"1";"ENTC1";"0";"0";"490";"1";"500";"42"
"267";"2015-03-04 17:24:56";"1";"ENTC1";"0";"0";"484";"1";"501";"40"
"268";"2015-03-04 17:24:56";"1";"ENTC1";"0";"0";"499";"1";"501";"52"
"269";"2015-03-04 17:24:56";"1";"ENTC1";"0";"0";"481";"1";"500";"63"
"270";"2015-03-04 17:24:56";"1";"ENTC1";"0";"0";"488";"1";"501";"56"
"271";"2015-03-04 17:24:56";"1";"ENTC1";"0";"0";"496";"1";"503";"41"
"272";"2015-03-04 17:24:56";"1";"ENTC1";"0";"0";"494";"1";"506";"58"
"273";"2015-03-04 17:24:56";"1";"ENTC1";"0";"0";"502";"1";"508";"63"
"274";"2015-03-04 17:24:56";"1";"ENTC1";"0";"0";"479";"1";"509";"46"
"275";"2015-03-04 17:24:56";"1";"ENTC1";"0";"0";"484";"1";"510";"39"
"276";"2015-03-04 17:24:56";"1";"ENTC1";"0";"0";"496";"1";"513";"31"
"277";"2015-03-04 17:24:57";"1";"ENTC1";"0";"0";"482";"1";"516";"66"
"278";"2015-03-04 17:24:57";"1";"ENTC1";"0";"0";"498";"1";"518";"56"
"279";"2015-03-04 17:24:57";"1";"ENTC1";"0";"0";"491";"1";"519";"51"
"280";"2015-03-04 17:24:57";"1";"ENTC1";"0";"0";"495";"1";"520";"58"
"281";"2015-03-04 17:24:57";"1";"ENTC1";"0";"0";"500";"1";"522";"52"
"282";"2015-03-04 17:24:57";"1";"ENTC1";"0";"0";"480";"1";"523";"48"
"283";"2015-03-04 17:24:57";"1";"ENTC1";"0";"0";"495";"1";"523";"45"
"284";"2015-03-04 17:24:57";"1";"ENTC1";"0";"0";"474";"1";"524";"67"
"285";"2015-03-04 17:24:57";"1";"ENTC1";"0";"0";"500";"1";"526";"58"
"286";"2015-03-04 17:24:57";"1";"ENTC1";"0";"0";"495";"1";"527";"46"
"287";"2015-03-04 17:24:57";"1";"ENTC1";"0";"0";"491";"1";"528";"45"
"288";"2015-03-04 17:24:57";"1";"ENTC1";"0";"0";"497";"1";"527";"54"
"289";"2015-03-04 17:24:57";"1";"ENTC1";"0";"0";"478";"1";"527";"55"
"290";"2015-03-04 17:24:57";"1";"ENTC1";"0";"0";"509";"1";"523";"54"
"291";"2015-03-04 17:24:57";"1";"ENTC1";"0";"0";"492";"1";"518";"45"
"292";"2015-03-04 17:24:57";"1";"ENTC1";"0";"0";"489";"1";"507";"54"
"293";"2015-03-04 17:24:58";"1";"ENTC1";"0";"0";"501";"1";"495";"54"
"294";"2015-03-04 17:24:58";"1";"ENTC1";"0";"0";"473";"1";"484";"49"
"295";"2015-03-04 17:24:58";"1";"ENTC1";"0";"0";"494";"1";"471";"59"
"296";"2015-03-04 17:24:58";"1";"ENTC1";"0";"0";"488";"1";"462";"51"
"297";"2015-03-04 17:24:58";"1";"ENTC1";"0";"0";"490";"1";"452";"57"
"298";"2015-03-04 17:24:58";"1";"ENTC1";"0";"0";"495";"1";"441";"41"
"299";"2015-03-04 17:24:58";"1";"ENTC1";"0";"0";"468";"1";"433";"54"
"300";"2015-03-04 17:24:58";"1";"ENTC1";"0";"0";"488";"1";"429";"50"
"301";"2015-03-04 17:24:58";"1";"ENTC1";"0";"0";"488";"1";"427";"36"
"302";"2015-03-04 17:24:58";"1";"ENTC1";"0";"0";"470";"1";"425";"56"
"303";"2015-03-04 17:24:58";"1";"ENTC1";"0";"0";"502";"1";"425";"47"
"304";"2015-03-04 17:24:58";"1";"ENTC1";"0";"0";"483";"1";"426";"52"
"305";"2015-03-04 17:24:58";"1";"ENTC1";"0";"0";"487";"1";"426";"41"
"306";"2015-03-04 17:24:58";"1";"ENTC1";"0";"0";"496";"1";"428";"50"
"307";"2015-03-04 17:24:58";"1";"ENTC1";"0";"0";"466";"1";"428";"47"
"308";"2015-03-04 17:24:58";"1";"ENTC1";"0";"0";"501";"1";"434";"50"
"309";"2015-03-04 17:24:58";"1";"ENTC1";"0";"0";"486";"1";"439";"45"
"310";"2015-03-04 17:24:58";"1";"ENTC1";"0";"0";"487";"1";"444";"56"
"311";"2015-03-04 17:24:58";"1";"ENTC1";"0";"0";"503";"1";"449";"54"
"312";"2015-03-04 17:24:58";"1";"ENTC1";"0";"0";"473";"1";"454";"42"
"313";"2015-03-04 17:24:58";"1";"ENTC1";"0";"0";"499";"1";"459";"49"
"314";"2015-03-04 17:24:58";"1";"ENTC1";"0";"0";"497";"1";"464";"33"
"315";"2015-03-04 17:24:58";"1";"ENTC1";"0";"0";"483";"1";"468";"55"
"316";"2015-03-04 17:24:59";"1";"ENTC1";"0";"0";"498";"1";"473";"53"
"317";"2015-03-04 17:24:59";"1";"ENTC1";"0";"0";"474";"1";"477";"58"
"318";"2015-03-04 17:24:59";"1";"ENTC1";"0";"0";"493";"1";"481";"35"
"319";"2015-03-04 17:24:59";"1";"ENTC1";"0";"0";"496";"1";"486";"44"
"320";"2015-03-04 17:24:59";"1";"ENTC1";"0";"0";"483";"1";"490";"49"
"321";"2015-03-04 17:24:59";"1";"ENTC1";"0";"0";"494";"1";"494";"58"
"322";"2015-03-04 17:24:59";"1";"ENTC1";"0";"0";"481";"1";"496";"43"
"323";"2015-03-04 17:24:59";"1";"ENTC1";"0";"0";"497";"1";"499";"60"
"324";"2015-03-04 17:24:59";"1";"ENTC1";"0";"0";"495";"1";"502";"41"
"325";"2015-03-04 17:24:59";"1";"ENTC1";"0";"0";"474";"1";"505";"61"
"326";"2015-03-04 17:24:59";"1";"ENTC1";"0";"0";"503";"1";"508";"57"
"327";"2015-03-04 17:24:59";"1";"ENTC1";"0";"0";"484";"1";"512";"51"
"328";"2015-03-04 17:24:59";"1";"ENTC1";"0";"0";"482";"1";"511";"47"
"329";"2015-03-04 17:24:59";"1";"ENTC1";"0";"0";"496";"1";"511";"61"
"330";"2015-03-04 17:24:59";"1";"ENTC1";"0";"0";"462";"1";"510";"55"
"331";"2015-03-04 17:24:59";"1";"ENTC1";"0";"0";"498";"1";"512";"48"
"332";"2015-03-04 17:24:59";"1";"ENTC1";"0";"0";"491";"1";"514";"51"
"333";"2015-03-04 17:24:59";"1";"ENTC1";"0";"0";"488";"1";"516";"40"
"334";"2015-03-04 17:24:59";"1";"ENTC1";"0";"0";"488";"1";"516";"54"
"335";"2015-03-04 17:24:59";"1";"ENTC1";"0";"0";"475";"1";"515";"52"
"336";"2015-03-04 17:25:00";"1";"ENTC1";"0";"0";"499";"1";"516";"60"
"337";"2015-03-04 17:25:00";"1";"ENTC1";"0";"0";"476";"1";"519";"58"
"338";"2015-03-04 17:25:00";"1";"ENTC1";"0";"0";"491";"1";"520";"58"
"339";"2015-03-04 17:25:00";"1";"ENTC1";"0";"0";"490";"1";"519";"42"
"340";"2015-03-04 17:25:00";"1";"ENTC1";"0";"0";"473";"1";"520";"61"
"341";"2015-03-04 17:25:00";"1";"ENTC1";"0";"0";"501";"1";"523";"56"
"342";"2015-03-04 17:25:00";"1";"ENTC1";"0";"0";"471";"1";"521";"53"
"343";"2015-03-04 17:25:00";"1";"ENTC1";"0";"0";"495";"1";"521";"37"
"344";"2015-03-04 17:25:00";"1";"ENTC1";"0";"0";"489";"1";"519";"50"
"345";"2015-03-04 17:25:00";"1";"ENTC1";"0";"0";"482";"1";"519";"54"
"346";"2015-03-04 17:25:00";"1";"ENTC1";"0";"0";"501";"1";"520";"60"
"347";"2015-03-04 17:25:00";"1";"ENTC1";"0";"0";"479";"1";"520";"43"
"348";"2015-03-04 17:25:00";"1";"ENTC1";"0";"0";"492";"1";"522";"57"
"349";"2015-03-04 17:25:00";"1";"ENTC1";"0";"0";"491";"1";"524";"58"
"350";"2015-03-04 17:25:00";"1";"ENTC1";"0";"0";"481";"1";"525";"63"
"351";"2015-03-04 17:25:00";"1";"ENTC1";"0";"0";"500";"1";"525";"60"
"352";"2015-03-04 17:25:00";"1";"ENTC1";"0";"0";"486";"1";"525";"57"
"353";"2015-03-04 17:25:00";"1";"ENTC1";"0";"0";"491";"1";"524";"41"
"354";"2015-03-04 17:25:01";"1";"ENTC1";"0";"0";"495";"1";"521";"34"
"355";"2015-03-04 17:25:01";"1";"ENTC1";"0";"0";"475";"1";"523";"40"
"356";"2015-03-04 17:25:01";"1";"ENTC1";"0";"0";"500";"1";"523";"58"
"357";"2015-03-04 17:25:01";"1";"ENTC1";"0";"0";"487";"1";"522";"54"
"358";"2015-03-04 17:25:01";"1";"ENTC1";"0";"0";"485";"1";"522";"45"
"359";"2015-03-04 17:25:01";"1";"ENTC1";"0";"0";"498";"1";"521";"59"
"360";"2015-03-04 17:25:01";"1";"ENTC1";"0";"0";"472";"1";"519";"41"
"361";"2015-03-04 17:25:01";"1";"ENTC1";"0";"0";"505";"1";"518";"45"
"362";"2015-03-04 17:25:01";"1";"ENTC1";"0";"0";"490";"1";"517";"50"
"363";"2015-03-04 17:25:01";"1";"ENTC1";"0";"0";"489";"1";"516";"53"
"364";"2015-03-04 17:25:01";"1";"ENTC1";"0";"0";"496";"1";"510";"52"
"365";"2015-03-04 17:25:01";"1";"ENTC1";"0";"0";"473";"1";"510";"58"
"366";"2015-03-04 17:25:02";"1";"ENTC1";"0";"0";"494";"1";"507";"44"
"367";"2015-03-04 17:25:02";"1";"ENTC1";"0";"0";"491";"1";"504";"56"
"368";"2015-03-04 17:25:02";"1";"ENTC1";"0";"0";"494";"1";"506";"38"
"369";"2015-03-04 17:25:02";"1";"ENTC1";"0";"0";"501";"1";"507";"49"
"370";"2015-03-04 17:25:02";"1";"ENTC1";"0";"0";"472";"1";"508";"52"
"371";"2015-03-04 17:25:03";"1";"ENTC1";"0";"0";"505";"1";"506";"66"
"372";"2015-03-04 17:25:03";"1";"ENTC1";"0";"0";"477";"1";"506";"50"
"373";"2015-03-04 17:25:03";"1";"ENTC1";"0";"0";"499";"1";"505";"52"
"374";"2015-03-04 17:25:03";"1";"ENTC1";"0";"0";"497";"1";"505";"57"
"375";"2015-03-04 17:25:03";"1";"ENTC1";"0";"0";"486";"1";"506";"54"
"376";"2015-03-04 17:25:03";"1";"ENTC1";"0";"0";"497";"1";"504";"56"
"377";"2015-03-04 17:25:03";"1";"ENTC1";"0";"0";"474";"1";"506";"50"
"378";"2015-03-04 17:25:03";"1";"ENTC1";"0";"0";"505";"1";"508";"48"
"379";"2015-03-04 17:25:03";"1";"ENTC1";"0";"0";"500";"1";"511";"54"
"380";"2015-03-04 17:25:03";"1";"ENTC1";"0";"0";"491";"1";"512";"39"
"381";"2015-03-04 17:25:03";"1";"ENTC1";"0";"0";"493";"1";"514";"70"
"382";"2015-03-04 17:25:03";"1";"ENTC1";"0";"0";"471";"1";"514";"48"
"383";"2015-03-04 17:25:03";"1";"ENTC1";"0";"0";"501";"1";"515";"35"
"384";"2015-03-04 17:25:03";"1";"ENTC1";"0";"0";"495";"1";"514";"56"
"385";"2015-03-04 17:25:03";"1";"ENTC1";"0";"0";"491";"1";"516";"45"
"386";"2015-03-04 17:25:03";"1";"ENTC1";"0";"0";"509";"1";"516";"55"
"387";"2015-03-04 17:25:03";"1";"ENTC1";"0";"0";"481";"1";"513";"34"
"388";"2015-03-04 17:25:03";"1";"ENTC1";"0";"0";"493";"1";"512";"45"
"389";"2015-03-04 17:25:03";"1";"ENTC1";"0";"0";"495";"1";"512";"55"
"390";"2015-03-04 17:25:03";"1";"ENTC1";"0";"0";"479";"1";"511";"51"
"391";"2015-03-04 17:25:04";"1";"ENTC1";"0";"0";"496";"1";"511";"58"
"392";"2015-03-04 17:25:04";"1";"ENTC1";"0";"0";"478";"1";"507";"56"
"393";"2015-03-04 17:25:04";"1";"ENTC1";"0";"0";"482";"1";"507";"36"
"394";"2015-03-04 17:25:04";"1";"ENTC1";"0";"0";"499";"1";"508";"60"
"395";"2015-03-04 17:25:04";"1";"ENTC1";"0";"0";"477";"1";"508";"53"
"396";"2015-03-04 17:25:04";"1";"ENTC1";"0";"0";"499";"1";"507";"45"
"397";"2015-03-04 17:25:04";"1";"ENTC1";"0";"0";"487";"1";"505";"54"
"398";"2015-03-04 17:25:04";"1";"ENTC1";"0";"0";"490";"1";"505";"49"
"399";"2015-03-04 17:25:04";"1";"ENTC1";"0";"0";"497";"1";"505";"53"
"400";"2015-03-04 17:25:04";"1";"ENTC1";"0";"0";"470";"1";"506";"38"
"401";"2015-03-04 17:25:04";"1";"ENTC1";"0";"0";"492";"1";"506";"47"
"402";"2015-03-04 17:25:04";"1";"ENTC1";"0";"0";"486";"1";"506";"44"
"403";"2015-03-04 17:25:04";"1";"ENTC1";"0";"0";"486";"1";"506";"45"
"404";"2015-03-04 17:25:04";"1";"ENTC1";"0";"0";"492";"1";"509";"65"
"405";"2015-03-04 17:25:04";"1";"ENTC1";"0";"0";"471";"1";"511";"50"
"406";"2015-03-04 17:25:04";"1";"ENTC1";"0";"0";"498";"1";"510";"59"
"407";"2015-03-04 17:25:04";"1";"ENTC1";"0";"0";"494";"1";"511";"53"
"408";"2015-03-04 17:25:04";"1";"ENTC1";"0";"0";"487";"1";"511";"51"
"409";"2015-03-04 17:25:05";"1";"ENTC1";"0";"0";"506";"1";"508";"34"
"410";"2015-03-04 17:25:05";"1";"ENTC1";"0";"0";"480";"1";"506";"41"
"411";"2015-03-04 17:25:05";"1";"ENTC1";"0";"0";"492";"1";"507";"58"
"412";"2015-03-04 17:25:05";"1";"ENTC1";"0";"0";"490";"1";"506";"53"
"413";"2015-03-04 17:25:05";"1";"ENTC1";"0";"0";"479";"1";"505";"55"
"414";"2015-03-04 17:25:05";"1";"ENTC1";"0";"0";"499";"1";"507";"54"
"415";"2015-03-04 17:25:05";"1";"ENTC1";"0";"0";"478";"1";"505";"54"
"416";"2015-03-04 17:25:05";"1";"ENTC1";"0";"0";"489";"1";"505";"50"
"417";"2015-03-04 17:25:05";"1";"ENTC1";"0";"0";"497";"1";"506";"50"
"418";"2015-03-04 17:25:05";"1";"ENTC1";"0";"0";"472";"1";"505";"46"
"419";"2015-03-04 17:25:05";"1";"ENTC1";"0";"0";"500";"1";"508";"43"
"420";"2015-03-04 17:25:05";"1";"ENTC1";"0";"0";"488";"1";"507";"49"
"421";"2015-03-04 17:25:05";"1";"ENTC1";"0";"0";"494";"1";"506";"44"
"422";"2015-03-04 17:25:05";"1";"ENTC1";"0";"0";"490";"1";"507";"38"
"423";"2015-03-04 17:25:05";"1";"ENTC1";"0";"0";"468";"1";"507";"61"
"424";"2015-03-04 17:25:05";"1";"ENTC1";"0";"0";"505";"1";"506";"50"
"425";"2015-03-04 17:25:05";"1";"ENTC1";"0";"0";"474";"1";"504";"60"
"426";"2015-03-04 17:25:05";"1";"ENTC1";"0";"0";"498";"1";"504";"52"
"427";"2015-03-04 17:25:05";"1";"ENTC1";"0";"0";"503";"1";"505";"47"
"428";"2015-03-04 17:25:05";"1";"ENTC1";"0";"0";"484";"1";"506";"39"
"429";"2015-03-04 17:25:05";"1";"ENTC1";"0";"0";"493";"1";"505";"51"
"430";"2015-03-04 17:25:06";"1";"ENTC1";"0";"0";"470";"1";"505";"63"
"431";"2015-03-04 17:25:06";"1";"ENTC1";"0";"0";"500";"1";"506";"40"
"432";"2015-03-04 17:25:06";"1";"ENTC1";"0";"0";"490";"1";"508";"40"
"433";"2015-03-04 17:25:06";"1";"ENTC1";"0";"0";"485";"1";"508";"54"
"434";"2015-03-04 17:25:06";"1";"ENTC1";"0";"0";"489";"1";"505";"60"
"435";"2015-03-04 17:25:06";"1";"ENTC1";"0";"0";"482";"1";"505";"46"
"436";"2015-03-04 17:25:06";"1";"ENTC1";"0";"0";"494";"1";"504";"51"
"437";"2015-03-04 17:25:06";"1";"ENTC1";"0";"0";"502";"1";"507";"53"
"438";"2015-03-04 17:25:06";"1";"ENTC1";"0";"0";"484";"1";"507";"62"
"439";"2015-03-04 17:25:06";"1";"ENTC1";"0";"0";"497";"1";"510";"52"
"440";"2015-03-04 17:25:07";"1";"ENTC1";"0";"0";"477";"1";"511";"49"
"441";"2015-03-04 17:25:07";"1";"ENTC1";"0";"0";"497";"1";"512";"59"
"442";"2015-03-04 17:25:07";"1";"ENTC1";"0";"0";"491";"1";"511";"30"
"443";"2015-03-04 17:25:07";"1";"ENTC1";"0";"0";"497";"1";"513";"53"
"444";"2015-03-04 17:25:07";"1";"ENTC1";"0";"0";"503";"1";"514";"60"
"445";"2015-03-04 17:25:07";"1";"ENTC1";"0";"0";"485";"1";"514";"52"
"446";"2015-03-04 17:25:07";"1";"ENTC1";"0";"0";"491";"1";"511";"43"
"447";"2015-03-04 17:25:07";"1";"ENTC1";"0";"0";"497";"1";"511";"51"
"448";"2015-03-04 17:25:07";"1";"ENTC1";"0";"0";"482";"1";"514";"49"
"449";"2015-03-04 17:25:07";"1";"ENTC1";"0";"0";"497";"1";"516";"49"
"450";"2015-03-04 17:25:07";"1";"ENTC1";"0";"0";"486";"1";"521";"48"
"451";"2015-03-04 17:25:07";"1";"ENTC1";"0";"0";"483";"1";"523";"41"
"452";"2015-03-04 17:25:07";"1";"ENTC1";"0";"0";"494";"1";"526";"69"
"453";"2015-03-04 17:25:07";"1";"ENTC1";"0";"0";"472";"1";"530";"40"
"454";"2015-03-04 17:25:07";"1";"ENTC1";"0";"0";"496";"1";"533";"64"
"455";"2015-03-04 17:25:07";"1";"ENTC1";"0";"0";"488";"1";"538";"41"
"456";"2015-03-04 17:25:07";"1";"ENTC1";"0";"0";"490";"1";"544";"54"
"457";"2015-03-04 17:25:07";"1";"ENTC1";"0";"0";"488";"1";"551";"49"
"458";"2015-03-04 17:25:07";"1";"ENTC1";"0";"0";"475";"1";"557";"47"
"459";"2015-03-04 17:25:08";"1";"ENTC1";"0";"0";"496";"1";"562";"59"
"460";"2015-03-04 17:25:08";"1";"ENTC1";"0";"0";"495";"1";"568";"54"
"461";"2015-03-04 17:25:08";"1";"ENTC1";"0";"0";"494";"1";"575";"49"
"462";"2015-03-04 17:25:08";"1";"ENTC1";"0";"0";"499";"1";"577";"62"
"463";"2015-03-04 17:25:08";"1";"ENTC1";"0";"0";"474";"1";"580";"56"
"464";"2015-03-04 17:25:08";"1";"ENTC1";"0";"0";"500";"1";"580";"40"
"465";"2015-03-04 17:25:08";"1";"ENTC1";"0";"0";"494";"1";"578";"60"
"466";"2015-03-04 17:25:08";"1";"ENTC1";"0";"0";"486";"1";"576";"39"
"467";"2015-03-04 17:25:08";"1";"ENTC1";"0";"0";"497";"1";"574";"52"
"468";"2015-03-04 17:25:08";"1";"ENTC1";"0";"0";"480";"1";"570";"52"
"469";"2015-03-04 17:25:08";"1";"ENTC1";"0";"0";"490";"1";"567";"43"
"470";"2015-03-04 17:25:08";"1";"ENTC1";"0";"0";"491";"1";"561";"57"
"471";"2015-03-04 17:25:08";"1";"ENTC1";"0";"0";"476";"1";"554";"63"
"472";"2015-03-04 17:25:08";"1";"ENTC1";"0";"0";"499";"1";"547";"61"
"473";"2015-03-04 17:25:08";"1";"ENTC1";"0";"0";"480";"1";"541";"52"
"474";"2015-03-04 17:25:08";"1";"ENTC1";"0";"0";"496";"1";"533";"41"
"475";"2015-03-04 17:25:08";"1";"ENTC1";"0";"0";"494";"1";"529";"44"
"476";"2015-03-04 17:25:08";"1";"ENTC1";"0";"0";"476";"1";"523";"47"
"477";"2015-03-04 17:25:09";"1";"ENTC1";"0";"0";"504";"1";"518";"59"
"478";"2015-03-04 17:25:09";"1";"ENTC1";"0";"0";"475";"1";"514";"44"
"479";"2015-03-04 17:25:09";"1";"ENTC1";"0";"0";"503";"1";"509";"48"
"480";"2015-03-04 17:25:09";"1";"ENTC1";"0";"0";"492";"1";"505";"52"
"481";"2015-03-04 17:25:09";"1";"ENTC1";"0";"0";"481";"1";"499";"50"
"482";"2015-03-04 17:25:09";"1";"ENTC1";"0";"0";"495";"1";"491";"36"
"483";"2015-03-04 17:25:09";"1";"ENTC1";"0";"0";"476";"1";"485";"62"
"484";"2015-03-04 17:25:09";"1";"ENTC1";"0";"0";"503";"1";"480";"57"
"485";"2015-03-04 17:25:09";"1";"ENTC1";"0";"0";"496";"1";"467";"52"
"486";"2015-03-04 17:25:09";"1";"ENTC1";"0";"0";"502";"1";"455";"39"
"487";"2015-03-04 17:25:09";"1";"ENTC1";"0";"0";"493";"1";"445";"49"
"488";"2015-03-04 17:25:09";"1";"ENTC1";"0";"0";"487";"1";"433";"58"
"489";"2015-03-04 17:25:09";"1";"ENTC1";"0";"0";"494";"1";"424";"61"
"490";"2015-03-04 17:25:09";"1";"ENTC1";"0";"0";"474";"0";"419";"31"
"491";"2015-03-04 17:25:09";"1";"ENTC1";"0";"0";"476";"0";"418";"49"
"492";"2015-03-04 17:25:09";"1";"ENTC1";"0";"0";"491";"0";"416";"55"
"493";"2015-03-04 17:25:09";"1";"ENTC1";"0";"0";"472";"0";"413";"58"
"494";"2015-03-04 17:25:09";"1";"ENTC1";"0";"0";"491";"0";"412";"48"
"495";"2015-03-04 17:25:09";"1";"ENTC1";"0";"0";"488";"0";"412";"48"
"496";"2015-03-04 17:25:09";"1";"ENTC1";"0";"0";"488";"0";"415";"55"
"497";"2015-03-04 17:25:09";"1";"ENTC1";"0";"0";"495";"0";"417";"61"
"498";"2015-03-04 17:25:09";"1";"ENTC1";"0";"0";"484";"0";"420";"43"
"499";"2015-03-04 17:25:09";"1";"ENTC1";"0";"0";"495";"1";"424";"54"
"500";"2015-03-04 17:25:10";"1";"ENTC1";"0";"0";"499";"1";"429";"53"
"501";"2015-03-04 17:25:10";"1";"ENTC1";"0";"0";"487";"1";"440";"67"
"502";"2015-03-04 17:25:10";"1";"ENTC1";"0";"0";"508";"1";"446";"55"
"503";"2015-03-04 17:25:10";"1";"ENTC1";"0";"0";"492";"1";"453";"54"
"504";"2015-03-04 17:25:10";"1";"ENTC1";"0";"0";"490";"1";"458";"46"
"505";"2015-03-04 17:25:10";"1";"ENTC1";"0";"0";"496";"1";"464";"60"
"506";"2015-03-04 17:25:10";"1";"ENTC1";"0";"0";"488";"1";"470";"56"
"507";"2015-03-04 17:25:10";"1";"ENTC1";"0";"0";"507";"1";"474";"60"
"508";"2015-03-04 17:25:10";"1";"ENTC1";"0";"0";"490";"1";"481";"48"
"509";"2015-03-04 17:25:10";"1";"ENTC1";"0";"0";"494";"1";"483";"33"
"510";"2015-03-04 17:25:10";"1";"ENTC1";"0";"0";"494";"1";"489";"41"
"511";"2015-03-04 17:25:10";"1";"ENTC1";"0";"0";"476";"1";"493";"50"
"512";"2015-03-04 17:25:10";"1";"ENTC1";"0";"0";"501";"1";"497";"44"
"513";"2015-03-04 17:25:10";"1";"ENTC1";"0";"0";"499";"1";"502";"45"
"514";"2015-03-04 17:25:10";"1";"ENTC1";"0";"0";"498";"1";"508";"57"
"515";"2015-03-04 17:25:10";"1";"ENTC1";"0";"0";"503";"1";"511";"40"
"516";"2015-03-04 17:25:10";"1";"ENTC1";"0";"0";"467";"1";"512";"51"
"517";"2015-03-04 17:25:10";"1";"ENTC1";"0";"0";"492";"1";"514";"51"
"518";"2015-03-04 17:25:10";"1";"ENTC1";"0";"0";"490";"1";"517";"38"
"519";"2015-03-04 17:25:10";"1";"ENTC1";"0";"0";"488";"1";"521";"40"
"520";"2015-03-04 17:25:11";"1";"ENTC1";"0";"0";"498";"1";"523";"37"
"521";"2015-03-04 17:25:11";"1";"ENTC1";"0";"0";"473";"1";"521";"48"
"522";"2015-03-04 17:25:11";"1";"ENTC1";"0";"0";"493";"1";"522";"48"
"523";"2015-03-04 17:25:11";"1";"ENTC1";"0";"0";"492";"1";"525";"38"
"524";"2015-03-04 17:25:11";"1";"ENTC1";"0";"0";"489";"1";"527";"49"
"525";"2015-03-04 17:25:11";"1";"ENTC1";"0";"0";"507";"1";"528";"48"
"526";"2015-03-04 17:25:11";"1";"ENTC1";"0";"0";"478";"1";"528";"54"
"527";"2015-03-04 17:25:11";"1";"ENTC1";"0";"0";"498";"1";"526";"51"
"528";"2015-03-04 17:25:12";"1";"ENTC1";"0";"0";"483";"1";"528";"63"
"529";"2015-03-04 17:25:12";"1";"ENTC1";"0";"0";"488";"1";"528";"48"
"530";"2015-03-04 17:25:12";"1";"ENTC1";"0";"0";"501";"1";"529";"38"
"531";"2015-03-04 17:25:13";"1";"ENTC1";"0";"0";"474";"1";"528";"56"
"532";"2015-03-04 17:25:13";"1";"ENTC1";"0";"0";"502";"1";"530";"35"
"533";"2015-03-04 17:25:13";"1";"ENTC1";"0";"0";"489";"1";"535";"46"
"534";"2015-03-04 17:25:13";"1";"ENTC1";"0";"0";"495";"1";"538";"50"
"535";"2015-03-04 17:25:13";"1";"ENTC1";"0";"0";"496";"1";"542";"48"
"536";"2015-03-04 17:25:13";"1";"ENTC1";"0";"0";"471";"1";"547";"54"
"537";"2015-03-04 17:25:13";"1";"ENTC1";"0";"0";"494";"1";"550";"36"
"538";"2015-03-04 17:25:13";"1";"ENTC1";"0";"0";"483";"1";"556";"37"
"539";"2015-03-04 17:25:13";"1";"ENTC1";"0";"0";"492";"1";"560";"38"
"540";"2015-03-04 17:25:13";"1";"ENTC1";"0";"0";"495";"1";"561";"55"
"541";"2015-03-04 17:25:13";"1";"ENTC1";"0";"0";"491";"1";"554";"49"
"542";"2015-03-04 17:25:13";"1";"ENTC1";"0";"0";"499";"1";"549";"54"
"543";"2015-03-04 17:25:13";"1";"ENTC1";"0";"0";"490";"1";"543";"50"
"544";"2015-03-04 17:25:13";"1";"ENTC1";"0";"0";"487";"1";"533";"42"
"545";"2015-03-04 17:25:14";"1";"ENTC1";"0";"0";"491";"1";"523";"49"
"546";"2015-03-04 17:25:14";"1";"ENTC1";"0";"0";"481";"1";"515";"65"
"547";"2015-03-04 17:25:14";"1";"ENTC1";"0";"0";"498";"1";"508";"50"
"548";"2015-03-04 17:25:14";"1";"ENTC1";"0";"0";"507";"1";"507";"55"
"549";"2015-03-04 17:25:14";"1";"ENTC1";"0";"0";"484";"1";"506";"48"
"550";"2015-03-04 17:25:14";"1";"ENTC1";"0";"0";"497";"1";"506";"54"
"551";"2015-03-04 17:25:14";"1";"ENTC1";"0";"0";"474";"1";"507";"53"
"552";"2015-03-04 17:25:14";"1";"ENTC1";"0";"0";"501";"1";"509";"57"
"553";"2015-03-04 17:25:14";"1";"ENTC1";"0";"0";"491";"1";"517";"51"
"554";"2015-03-04 17:25:14";"1";"ENTC1";"0";"0";"493";"1";"519";"57"
"555";"2015-03-04 17:25:14";"1";"ENTC1";"0";"0";"497";"1";"520";"67"
"556";"2015-03-04 17:25:14";"1";"ENTC1";"0";"0";"485";"1";"523";"43"
"557";"2015-03-04 17:25:14";"1";"ENTC1";"0";"0";"494";"1";"528";"44"
"558";"2015-03-04 17:25:14";"1";"ENTC1";"0";"0";"490";"1";"531";"64"
"559";"2015-03-04 17:25:14";"1";"ENTC1";"0";"0";"488";"1";"533";"52"
"560";"2015-03-04 17:25:14";"1";"ENTC1";"0";"0";"500";"1";"532";"59"
"561";"2015-03-04 17:25:14";"1";"ENTC1";"0";"0";"493";"1";"525";"59"
"562";"2015-03-04 17:25:15";"1";"ENTC1";"0";"0";"497";"1";"527";"59"
"563";"2015-03-04 17:25:15";"1";"ENTC1";"0";"0";"494";"1";"524";"61"
"564";"2015-03-04 17:25:15";"1";"ENTC1";"0";"0";"474";"1";"524";"60"
"565";"2015-03-04 17:25:15";"1";"ENTC1";"0";"0";"492";"1";"521";"54"
"566";"2015-03-04 17:25:15";"1";"ENTC1";"0";"0";"488";"1";"515";"39"
"567";"2015-03-04 17:25:15";"1";"ENTC1";"0";"0";"499";"1";"515";"63"
"568";"2015-03-04 17:25:15";"1";"ENTC1";"0";"0";"500";"1";"513";"58"
"569";"2015-03-04 17:25:15";"1";"ENTC1";"0";"0";"482";"1";"509";"61"
"570";"2015-03-04 17:25:15";"1";"ENTC1";"0";"0";"502";"1";"507";"53"
"571";"2015-03-04 17:25:16";"1";"ENTC1";"0";"0";"492";"1";"501";"54"
"572";"2015-03-04 17:25:16";"1";"ENTC1";"0";"0";"491";"1";"501";"49"
"573";"2015-03-04 17:25:16";"1";"ENTC1";"0";"0";"496";"1";"502";"51"
"574";"2015-03-04 17:25:16";"1";"ENTC1";"0";"0";"470";"1";"500";"50"
"575";"2015-03-04 17:25:16";"1";"ENTC1";"0";"0";"494";"1";"497";"45"
"576";"2015-03-04 17:25:16";"1";"ENTC1";"0";"0";"497";"1";"496";"36"
"577";"2015-03-04 17:25:16";"1";"ENTC1";"0";"0";"488";"1";"495";"53"
"578";"2015-03-04 17:25:17";"1";"ENTC1";"0";"0";"501";"1";"492";"60"
"579";"2015-03-04 17:25:18";"1";"ENTC1";"0";"0";"470";"1";"491";"51"
"580";"2015-03-04 17:25:18";"1";"ENTC1";"0";"0";"504";"1";"492";"47"
"581";"2015-03-04 17:25:18";"1";"ENTC1";"0";"0";"485";"1";"490";"57"
"582";"2015-03-04 17:25:18";"1";"ENTC1";"0";"0";"489";"1";"491";"62"
"583";"2015-03-04 17:25:18";"1";"ENTC1";"0";"0";"493";"1";"489";"60"
"584";"2015-03-04 17:25:18";"1";"ENTC1";"0";"0";"478";"1";"490";"60"
"585";"2015-03-04 17:25:18";"1";"ENTC1";"0";"0";"507";"1";"490";"44"
"586";"2015-03-04 17:25:19";"1";"ENTC1";"0";"0";"489";"1";"490";"53"
"587";"2015-03-04 17:25:19";"1";"ENTC1";"0";"0";"487";"1";"490";"52"
"588";"2015-03-04 17:25:19";"1";"ENTC1";"0";"0";"496";"1";"489";"46"
"589";"2015-03-04 17:25:19";"1";"ENTC1";"0";"0";"486";"1";"487";"61"
"590";"2015-03-04 17:25:19";"1";"ENTC1";"0";"0";"501";"1";"488";"62"
"591";"2015-03-04 17:25:19";"1";"ENTC1";"0";"0";"483";"1";"484";"57"
"592";"2015-03-04 17:25:19";"1";"ENTC1";"0";"0";"482";"1";"472";"67"
"593";"2015-03-04 17:25:19";"1";"ENTC1";"0";"0";"486";"1";"475";"53"
"594";"2015-03-04 17:25:19";"1";"ENTC1";"0";"0";"495";"1";"466";"51"
"595";"2015-03-04 17:25:19";"1";"ENTC1";"0";"0";"499";"1";"463";"52"
"596";"2015-03-04 17:25:19";"1";"ENTC1";"0";"0";"470";"1";"460";"56"
"597";"2015-03-04 17:25:20";"1";"ENTC1";"0";"0";"495";"1";"460";"55"
"598";"2015-03-04 17:25:20";"1";"ENTC1";"0";"0";"492";"1";"457";"47"
"599";"2015-03-04 17:25:20";"1";"ENTC1";"0";"0";"487";"1";"454";"43"
"600";"2015-03-04 17:25:20";"1";"ENTC1";"0";"0";"497";"1";"452";"51"
"601";"2015-03-04 17:25:20";"1";"ENTC1";"0";"0";"477";"1";"449";"38"
"602";"2015-03-04 17:25:20";"1";"ENTC1";"0";"0";"500";"1";"448";"56"
"603";"2015-03-04 17:25:20";"1";"ENTC1";"0";"0";"487";"1";"446";"53"
"604";"2015-03-04 17:25:20";"1";"ENTC1";"0";"0";"490";"1";"444";"57"
"605";"2015-03-04 17:25:20";"1";"ENTC1";"0";"0";"493";"1";"443";"53"
"606";"2015-03-04 17:25:20";"1";"ENTC1";"0";"0";"479";"1";"443";"58"
"607";"2015-03-04 17:25:21";"1";"ENTC1";"0";"0";"506";"1";"444";"42"
"608";"2015-03-04 17:25:21";"1";"ENTC1";"0";"0";"485";"1";"446";"53"
"609";"2015-03-04 17:25:21";"1";"ENTC1";"0";"0";"494";"1";"448";"55"
"610";"2015-03-04 17:25:21";"1";"ENTC1";"0";"0";"497";"1";"452";"61"
"611";"2015-03-04 17:25:21";"1";"ENTC1";"0";"0";"486";"1";"458";"46"
"612";"2015-03-04 17:25:21";"1";"ENTC1";"0";"0";"496";"1";"462";"57"
"613";"2015-03-04 17:25:21";"1";"ENTC1";"0";"0";"477";"1";"470";"53"
"614";"2015-03-04 17:25:22";"1";"ENTC1";"0";"0";"484";"1";"474";"49"
"615";"2015-03-04 17:25:22";"1";"ENTC1";"0";"0";"488";"1";"544";"54"
"616";"2015-03-04 17:25:22";"1";"ENTC1";"0";"0";"489";"1";"545";"63"
"617";"2015-03-04 17:25:22";"1";"ENTC1";"0";"0";"482";"1";"545";"46"
"618";"2015-03-04 17:25:22";"1";"ENTC1";"0";"0";"498";"1";"543";"37"
"619";"2015-03-04 17:25:23";"1";"ENTC1";"0";"0";"472";"1";"539";"34"
"620";"2015-03-04 17:25:23";"1";"ENTC1";"0";"0";"492";"1";"535";"57"
"621";"2015-03-04 17:25:24";"1";"ENTC1";"0";"0";"493";"1";"539";"56"
"622";"2015-03-04 17:25:24";"1";"ENTC1";"0";"0";"481";"1";"537";"49"
"623";"2015-03-04 17:25:24";"1";"ENTC1";"0";"0";"502";"1";"533";"37"
"624";"2015-03-04 17:25:24";"1";"ENTC1";"0";"0";"484";"1";"531";"55"
"625";"2015-03-04 17:25:24";"1";"ENTC1";"0";"0";"492";"1";"528";"43"
"626";"2015-03-04 17:25:24";"1";"ENTC1";"0";"0";"496";"1";"528";"58"
"627";"2015-03-04 17:25:25";"1";"ENTC1";"0";"0";"481";"1";"526";"50"
"628";"2015-03-04 17:25:25";"1";"ENTC1";"0";"0";"485";"1";"524";"48"
"629";"2015-03-04 17:25:25";"1";"ENTC1";"0";"0";"490";"1";"524";"43"
"630";"2015-03-04 17:25:25";"1";"ENTC1";"0";"0";"484";"1";"525";"49"
"631";"2015-03-04 17:25:25";"1";"ENTC1";"0";"0";"500";"1";"523";"64"
"632";"2015-03-04 17:25:25";"1";"ENTC1";"0";"0";"482";"1";"523";"39"
"633";"2015-03-04 17:25:25";"1";"ENTC1";"0";"0";"507";"1";"524";"35"
"634";"2015-03-04 17:25:25";"1";"ENTC1";"0";"0";"493";"1";"523";"44"
"635";"2015-03-04 17:25:25";"1";"ENTC1";"0";"0";"487";"1";"521";"44"
"636";"2015-03-04 17:25:25";"1";"ENTC1";"0";"0";"487";"1";"520";"41"
"637";"2015-03-04 17:25:25";"1";"ENTC1";"0";"0";"484";"1";"517";"36"
"638";"2015-03-04 17:25:25";"1";"ENTC1";"0";"0";"489";"1";"514";"54"
"639";"2015-03-04 17:25:26";"1";"ENTC1";"0";"0";"484";"1";"513";"58"
"640";"2015-03-04 17:25:26";"1";"ENTC1";"0";"0";"494";"1";"514";"49"
"641";"2015-03-04 17:25:26";"1";"ENTC1";"0";"0";"503";"1";"514";"48"
"642";"2015-03-04 17:25:26";"1";"ENTC1";"0";"0";"495";"1";"512";"55"
"643";"2015-03-04 17:25:26";"1";"ENTC1";"0";"0";"490";"1";"513";"40"
"644";"2015-03-04 17:25:26";"1";"ENTC1";"0";"0";"498";"1";"513";"58"
"645";"2015-03-04 17:25:26";"1";"ENTC1";"0";"0";"471";"1";"513";"47"
"646";"2015-03-04 17:25:26";"1";"ENTC1";"0";"0";"502";"1";"514";"59"
"647";"2015-03-04 17:25:26";"1";"ENTC1";"0";"0";"487";"1";"515";"56"
"648";"2015-03-04 17:25:26";"1";"ENTC1";"0";"0";"489";"1";"514";"45"
"649";"2015-03-04 17:25:27";"1";"ENTC1";"0";"0";"496";"1";"513";"44"
"650";"2015-03-04 17:25:27";"1";"ENTC1";"0";"0";"478";"1";"516";"46"
"651";"2015-03-04 17:25:27";"1";"ENTC1";"0";"0";"494";"1";"513";"50"
"652";"2015-03-04 17:25:27";"1";"ENTC1";"0";"0";"490";"1";"514";"58"
"653";"2015-03-04 17:25:27";"1";"ENTC1";"0";"0";"492";"1";"513";"41"
"654";"2015-03-04 17:25:28";"1";"ENTC1";"0";"0";"501";"1";"513";"38"
"655";"2015-03-04 17:25:28";"1";"ENTC1";"0";"0";"480";"1";"512";"40"
"656";"2015-03-04 17:25:28";"1";"ENTC1";"0";"0";"498";"1";"510";"54"
"657";"2015-03-04 17:25:28";"1";"ENTC1";"0";"0";"480";"1";"508";"50"
"658";"2015-03-04 17:25:29";"1";"ENTC1";"0";"0";"491";"1";"505";"49"
"659";"2015-03-04 17:25:29";"1";"ENTC1";"0";"0";"501";"1";"506";"59"
"660";"2015-03-04 17:25:29";"1";"ENTC1";"0";"0";"481";"1";"506";"60"
"661";"2015-03-04 17:25:29";"1";"ENTC1";"0";"0";"508";"1";"505";"54"
"662";"2015-03-04 17:25:29";"1";"ENTC1";"0";"0";"481";"1";"506";"48"
"663";"2015-03-04 17:25:29";"1";"ENTC1";"0";"0";"491";"1";"506";"53"
"664";"2015-03-04 17:25:29";"1";"ENTC1";"0";"0";"495";"1";"505";"46"
"665";"2015-03-04 17:25:29";"1";"ENTC1";"0";"0";"477";"1";"506";"64"
"666";"2015-03-04 17:25:29";"1";"ENTC1";"0";"0";"497";"1";"507";"64"
"667";"2015-03-04 17:25:29";"1";"ENTC1";"0";"0";"482";"1";"506";"51"
"668";"2015-03-04 17:25:29";"1";"ENTC1";"0";"0";"486";"1";"507";"56"
"669";"2015-03-04 17:25:29";"1";"ENTC1";"0";"0";"493";"1";"507";"55"
"670";"2015-03-04 17:25:30";"1";"ENTC1";"0";"0";"478";"1";"508";"58"
"671";"2015-03-04 17:25:30";"1";"ENTC1";"0";"0";"499";"1";"508";"56"
"672";"2015-03-04 17:25:30";"1";"ENTC1";"0";"0";"498";"1";"507";"51"
"673";"2015-03-04 17:25:30";"1";"ENTC1";"0";"0";"491";"1";"508";"53"
"674";"2015-03-04 17:25:30";"1";"ENTC1";"0";"0";"502";"1";"508";"47"
"675";"2015-03-04 17:25:31";"1";"ENTC1";"0";"0";"474";"1";"507";"46"
"676";"2015-03-04 17:25:31";"1";"ENTC1";"0";"0";"490";"1";"507";"54"
"677";"2015-03-04 17:25:31";"1";"ENTC1";"0";"0";"493";"1";"507";"44"
"678";"2015-03-04 17:25:31";"1";"ENTC1";"0";"0";"485";"1";"506";"52"
"679";"2015-03-04 17:25:31";"1";"ENTC1";"0";"0";"494";"1";"507";"43"
"680";"2015-03-04 17:25:31";"1";"ENTC1";"0";"0";"483";"1";"506";"49"
"681";"2015-03-04 17:25:31";"1";"ENTC1";"0";"0";"487";"1";"505";"51"
"682";"2015-03-04 17:25:31";"1";"ENTC1";"0";"0";"490";"1";"503";"41"
"683";"2015-03-04 17:25:31";"1";"ENTC1";"0";"0";"472";"1";"504";"43"
"684";"2015-03-04 17:25:31";"1";"ENTC1";"0";"0";"498";"1";"504";"59"
"685";"2015-03-04 17:25:31";"1";"ENTC1";"0";"0";"492";"1";"505";"53"
"686";"2015-03-04 17:25:31";"1";"ENTC1";"0";"0";"492";"1";"508";"52"
"687";"2015-03-04 17:25:31";"1";"ENTC1";"0";"0";"496";"1";"508";"54"
"688";"2015-03-04 17:25:31";"1";"ENTC1";"0";"0";"480";"1";"507";"44"
"689";"2015-03-04 17:25:31";"1";"ENTC1";"0";"0";"496";"1";"504";"49"
"690";"2015-03-04 17:25:31";"1";"ENTC1";"0";"0";"490";"1";"505";"48"
"691";"2015-03-04 17:25:32";"1";"ENTC1";"0";"0";"478";"1";"505";"55"
"692";"2015-03-04 17:25:32";"1";"ENTC1";"0";"0";"504";"1";"505";"58"
"693";"2015-03-04 17:25:32";"1";"ENTC1";"0";"0";"483";"1";"502";"51"
"694";"2015-03-04 17:25:32";"1";"ENTC1";"0";"0";"503";"1";"503";"38"
"695";"2015-03-04 17:25:32";"1";"ENTC1";"0";"0";"492";"1";"504";"48"
"696";"2015-03-04 17:25:32";"1";"ENTC1";"0";"0";"477";"1";"505";"53"
"697";"2015-03-04 17:25:32";"1";"ENTC1";"0";"0";"494";"1";"504";"54"
"698";"2015-03-04 17:25:32";"1";"ENTC1";"0";"0";"474";"1";"504";"58"
"699";"2015-03-04 17:25:32";"1";"ENTC1";"0";"0";"491";"1";"502";"42"
"700";"2015-03-04 17:25:32";"1";"ENTC1";"0";"0";"495";"1";"502";"32"
"701";"2015-03-04 17:25:32";"1";"ENTC1";"0";"0";"481";"1";"503";"61"
"702";"2015-03-04 17:25:32";"1";"ENTC1";"0";"0";"502";"1";"501";"49"
"703";"2015-03-04 17:25:32";"1";"ENTC1";"0";"0";"489";"1";"505";"51"
"704";"2015-03-04 17:25:33";"1";"ENTC1";"0";"0";"482";"1";"506";"52"
"705";"2015-03-04 17:25:33";"1";"ENTC1";"0";"0";"499";"1";"505";"41"
"706";"2015-03-04 17:25:33";"1";"ENTC1";"0";"0";"492";"1";"505";"50"
"707";"2015-03-04 17:25:33";"1";"ENTC1";"0";"0";"500";"1";"504";"38"
"708";"2015-03-04 17:25:33";"1";"ENTC1";"0";"0";"478";"1";"503";"42"
"709";"2015-03-04 17:25:33";"1";"ENTC1";"0";"0";"488";"1";"500";"49"
"710";"2015-03-04 17:25:33";"1";"ENTC1";"0";"0";"486";"1";"499";"49"
"711";"2015-03-04 17:25:33";"1";"ENTC1";"0";"0";"491";"1";"501";"48"
"712";"2015-03-04 17:25:33";"1";"ENTC1";"0";"0";"503";"1";"502";"46"
"713";"2015-03-04 17:25:33";"1";"ENTC1";"0";"0";"478";"1";"501";"56"
"714";"2015-03-04 17:25:33";"1";"ENTC1";"0";"0";"508";"1";"500";"49"
"715";"2015-03-04 17:25:33";"1";"ENTC1";"0";"0";"488";"1";"498";"53"
"716";"2015-03-04 17:25:33";"1";"ENTC1";"0";"0";"489";"1";"497";"37"
"717";"2015-03-04 17:25:33";"1";"ENTC1";"0";"0";"495";"1";"500";"51"
"718";"2015-03-04 17:25:34";"1";"ENTC1";"0";"0";"468";"1";"502";"60"
"719";"2015-03-04 17:25:34";"1";"ENTC1";"0";"0";"487";"1";"505";"49"
"720";"2015-03-04 17:25:34";"1";"ENTC1";"0";"0";"490";"1";"508";"56"
"721";"2015-03-04 17:25:34";"1";"ENTC1";"0";"0";"489";"1";"507";"58"
"722";"2015-03-04 17:25:34";"1";"ENTC1";"0";"0";"503";"1";"508";"55"
"723";"2015-03-04 17:25:34";"1";"ENTC1";"0";"0";"479";"1";"506";"54"
"724";"2015-03-04 17:25:34";"1";"ENTC1";"0";"0";"506";"1";"504";"39"
"725";"2015-03-04 17:25:34";"1";"ENTC1";"0";"0";"493";"1";"506";"40"
"726";"2015-03-04 17:25:34";"1";"ENTC1";"0";"0";"485";"1";"507";"54"
"727";"2015-03-04 17:25:34";"1";"ENTC1";"0";"0";"496";"1";"506";"48"
"728";"2015-03-04 17:25:34";"1";"ENTC1";"0";"0";"483";"1";"504";"47"
"729";"2015-03-04 17:25:34";"1";"ENTC1";"0";"0";"491";"1";"505";"56"
"730";"2015-03-04 17:25:34";"1";"ENTC1";"0";"0";"496";"1";"505";"41"
"731";"2015-03-04 17:25:34";"1";"ENTC1";"0";"0";"468";"1";"507";"34"
"732";"2015-03-04 17:25:34";"1";"ENTC1";"0";"0";"509";"1";"508";"58"
"733";"2015-03-04 17:25:34";"1";"ENTC1";"0";"0";"491";"1";"506";"55"
"734";"2015-03-04 17:25:34";"1";"ENTC1";"0";"0";"491";"1";"504";"51"
"735";"2015-03-04 17:25:34";"1";"ENTC1";"0";"0";"493";"1";"505";"61"
"736";"2015-03-04 17:25:34";"1";"ENTC1";"0";"0";"466";"1";"504";"49"
"737";"2015-03-04 17:25:34";"1";"ENTC1";"0";"0";"498";"1";"504";"36"
"738";"2015-03-04 17:25:34";"1";"ENTC1";"0";"0";"487";"1";"504";"45"
"739";"2015-03-04 17:25:35";"1";"ENTC1";"0";"0";"490";"1";"504";"49"
"740";"2015-03-04 17:25:35";"1";"ENTC1";"0";"0";"501";"1";"505";"48"
"741";"2015-03-04 17:25:35";"1";"ENTC1";"0";"0";"469";"1";"506";"30"
"742";"2015-03-04 17:25:35";"1";"ENTC1";"0";"0";"492";"1";"508";"46"
"743";"2015-03-04 17:25:35";"1";"ENTC1";"0";"0";"488";"1";"508";"54"
"744";"2015-03-04 17:25:35";"1";"ENTC1";"0";"0";"479";"1";"509";"51"
"745";"2015-03-04 17:25:35";"1";"ENTC1";"0";"0";"510";"1";"509";"60"
"746";"2015-03-04 17:25:35";"1";"ENTC1";"0";"0";"494";"1";"509";"40"
"747";"2015-03-04 17:25:35";"1";"ENTC1";"0";"0";"490";"1";"508";"43"
"748";"2015-03-04 17:25:35";"1";"ENTC1";"0";"0";"493";"1";"511";"53"
"749";"2015-03-04 17:25:35";"1";"ENTC1";"0";"0";"473";"1";"511";"58"
"750";"2015-03-04 17:25:35";"1";"ENTC1";"0";"0";"488";"1";"510";"44"
"751";"2015-03-04 17:25:35";"1";"ENTC1";"0";"0";"489";"1";"509";"44"
"752";"2015-03-04 17:25:35";"1";"ENTC1";"0";"0";"483";"1";"508";"45"
"753";"2015-03-04 17:25:35";"1";"ENTC1";"0";"0";"498";"1";"510";"44"
"754";"2015-03-04 17:25:35";"1";"ENTC1";"0";"0";"469";"1";"509";"52"
"755";"2015-03-04 17:25:35";"1";"ENTC1";"0";"0";"493";"1";"508";"46"
"756";"2015-03-04 17:25:36";"1";"ENTC1";"0";"0";"491";"1";"510";"41"
"757";"2015-03-04 17:25:36";"1";"ENTC1";"0";"0";"486";"1";"508";"44"
"758";"2015-03-04 17:25:36";"1";"ENTC1";"0";"0";"504";"1";"506";"46"
"759";"2015-03-04 17:25:36";"1";"ENTC1";"0";"0";"475";"1";"503";"60"
"760";"2015-03-04 17:25:36";"1";"ENTC1";"0";"0";"496";"1";"502";"58"
"761";"2015-03-04 17:25:36";"1";"ENTC1";"0";"0";"491";"1";"501";"43"
"762";"2015-03-04 17:25:36";"1";"ENTC1";"0";"0";"484";"1";"503";"46"
"763";"2015-03-04 17:25:36";"1";"ENTC1";"0";"0";"496";"1";"505";"38"
"764";"2015-03-04 17:25:36";"1";"ENTC1";"0";"0";"475";"1";"507";"58"
"765";"2015-03-04 17:25:36";"1";"ENTC1";"0";"0";"498";"1";"509";"41"
"766";"2015-03-04 17:25:36";"1";"ENTC1";"0";"0";"490";"1";"509";"36"
"767";"2015-03-04 17:25:36";"1";"ENTC1";"0";"0";"491";"1";"508";"51"
"768";"2015-03-04 17:25:36";"1";"ENTC1";"0";"0";"493";"1";"507";"40"
"769";"2015-03-04 17:25:36";"1";"ENTC1";"0";"0";"489";"1";"506";"46"
"770";"2015-03-04 17:25:37";"1";"ENTC1";"0";"0";"499";"1";"508";"57"
"771";"2015-03-04 17:25:37";"1";"ENTC1";"0";"0";"474";"1";"509";"56"
"772";"2015-03-04 17:25:37";"1";"ENTC1";"0";"0";"494";"1";"510";"49"
"773";"2015-03-04 17:25:37";"1";"ENTC1";"0";"0";"489";"1";"510";"54"
"774";"2015-03-04 17:25:37";"1";"ENTC1";"0";"0";"482";"1";"511";"55"
"775";"2015-03-04 17:25:37";"1";"ENTC1";"0";"0";"491";"1";"510";"34"
"776";"2015-03-04 17:25:37";"1";"ENTC1";"0";"0";"492";"1";"510";"38"
"777";"2015-03-04 17:25:37";"1";"ENTC1";"0";"0";"502";"1";"510";"42"
"778";"2015-03-04 17:25:37";"1";"ENTC1";"0";"0";"493";"1";"511";"55"
"779";"2015-03-04 17:25:38";"1";"ENTC1";"0";"0";"468";"1";"511";"56"
"780";"2015-03-04 17:25:38";"1";"ENTC1";"0";"0";"501";"1";"510";"49"
"781";"2015-03-04 17:25:38";"1";"ENTC1";"0";"0";"490";"1";"509";"56"
"782";"2015-03-04 17:25:38";"1";"ENTC1";"0";"0";"491";"1";"509";"62"
"783";"2015-03-04 17:25:38";"1";"ENTC1";"0";"0";"499";"1";"508";"44"
"784";"2015-03-04 17:25:38";"1";"ENTC1";"0";"0";"478";"1";"508";"58"
"785";"2015-03-04 17:25:38";"1";"ENTC1";"0";"0";"504";"1";"508";"38"
"786";"2015-03-04 17:25:38";"1";"ENTC1";"0";"0";"484";"1";"509";"44"
"787";"2015-03-04 17:25:38";"1";"ENTC1";"0";"0";"478";"1";"510";"46"
"788";"2015-03-04 17:25:38";"1";"ENTC1";"0";"0";"493";"1";"510";"53"
"789";"2015-03-04 17:25:38";"1";"ENTC1";"0";"0";"484";"1";"510";"44"
"790";"2015-03-04 17:25:38";"1";"ENTC1";"0";"0";"495";"1";"512";"55"
"791";"2015-03-04 17:25:38";"1";"ENTC1";"0";"0";"493";"1";"512";"52"
"792";"2015-03-04 17:25:38";"1";"ENTC1";"0";"0";"479";"1";"509";"40"
"793";"2015-03-04 17:25:38";"1";"ENTC1";"0";"0";"501";"1";"508";"62"
"794";"2015-03-04 17:25:39";"1";"ENTC1";"0";"0";"487";"1";"507";"41"
"795";"2015-03-04 17:25:39";"1";"ENTC1";"0";"0";"484";"1";"508";"50"
"796";"2015-03-04 17:25:39";"1";"ENTC1";"0";"0";"495";"1";"510";"59"
"797";"2015-03-04 17:25:39";"1";"ENTC1";"0";"0";"473";"1";"510";"57"
"798";"2015-03-04 17:25:39";"1";"ENTC1";"0";"0";"497";"1";"510";"51"
"799";"2015-03-04 17:25:39";"1";"ENTC1";"0";"0";"484";"1";"520";"33"
"800";"2015-03-04 17:25:39";"1";"ENTC1";"0";"0";"489";"1";"555";"57"
"801";"2015-03-04 17:25:39";"1";"ENTC1";"0";"0";"496";"1";"567";"44"
"802";"2015-03-04 17:25:39";"1";"ENTC1";"0";"0";"475";"1";"548";"51"
"803";"2015-03-04 17:25:39";"1";"ENTC1";"0";"0";"488";"1";"534";"44"
"804";"2015-03-04 17:25:39";"1";"ENTC1";"0";"0";"488";"1";"560";"49"
"805";"2015-03-04 17:25:39";"1";"ENTC1";"0";"0";"476";"0";"649";"62"
"806";"2015-03-04 17:25:39";"1";"ENTC1";"0";"0";"487";"0";"649";"50"
"807";"2015-03-04 17:25:40";"1";"ENTC1";"0";"0";"472";"0";"649";"53"
"808";"2015-03-04 17:25:40";"1";"ENTC1";"0";"0";"485";"0";"597";"49"
"809";"2015-03-04 17:25:40";"1";"ENTC1";"0";"0";"482";"0";"631";"58"
"810";"2015-03-04 17:25:40";"1";"ENTC1";"0";"0";"470";"0";"648";"65"
"811";"2015-03-04 17:25:40";"1";"ENTC1";"0";"0";"486";"0";"559";"55"
"812";"2015-03-04 17:25:40";"1";"ENTC1";"0";"0";"467";"1";"451";"50"
"813";"2015-03-04 17:25:40";"1";"ENTC1";"0";"0";"498";"1";"433";"49"
"814";"2015-03-04 17:25:40";"1";"ENTC1";"0";"0";"491";"1";"536";"60"
"815";"2015-03-04 17:25:40";"1";"ENTC1";"0";"0";"471";"0";"649";"62"
"816";"2015-03-04 17:25:40";"1";"ENTC1";"0";"0";"494";"0";"649";"52"
"817";"2015-03-04 17:25:40";"1";"ENTC1";"0";"0";"457";"0";"649";"42"
"818";"2015-03-04 17:25:41";"1";"ENTC1";"0";"0";"489";"0";"649";"53"
"819";"2015-03-04 17:25:41";"1";"ENTC1";"0";"0";"488";"0";"649";"30"
"820";"2015-03-04 17:25:41";"1";"ENTC1";"0";"0";"490";"0";"649";"37"
"821";"2015-03-04 17:25:41";"1";"ENTC1";"0";"0";"494";"0";"591";"46"
"822";"2015-03-04 17:25:41";"1";"ENTC1";"0";"0";"469";"0";"404";"46"
"823";"2015-03-04 17:25:41";"1";"ENTC1";"0";"0";"485";"0";"310";"64"
"824";"2015-03-04 17:25:41";"1";"ENTC1";"0";"0";"486";"0";"294";"52"
"825";"2015-03-04 17:25:42";"1";"ENTC1";"0";"0";"478";"0";"351";"56"
"826";"2015-03-04 17:25:42";"1";"ENTC1";"0";"0";"490";"0";"411";"51"
"827";"2015-03-04 17:25:42";"1";"ENTC1";"0";"0";"480";"1";"430";"51"
"828";"2015-03-04 17:25:42";"1";"ENTC1";"0";"0";"505";"1";"422";"35"
"829";"2015-03-04 17:25:42";"1";"ENTC1";"0";"0";"489";"0";"413";"52"
"830";"2015-03-04 17:25:42";"1";"ENTC1";"0";"0";"477";"0";"400";"50"
"831";"2015-03-04 17:25:42";"1";"ENTC1";"0";"0";"498";"0";"370";"60"
"832";"2015-03-04 17:25:42";"1";"ENTC1";"0";"0";"477";"0";"325";"47"
"833";"2015-03-04 17:25:42";"1";"ENTC1";"0";"0";"483";"0";"276";"53"
"834";"2015-03-04 17:25:42";"1";"ENTC1";"0";"0";"484";"0";"238";"55"
"835";"2015-03-04 17:25:42";"1";"ENTC1";"0";"0";"472";"0";"221";"49"
"836";"2015-03-04 17:25:42";"1";"ENTC1";"0";"0";"498";"0";"226";"58"
"837";"2015-03-04 17:25:42";"1";"ENTC1";"0";"0";"487";"0";"233";"58"
"838";"2015-03-04 17:25:42";"1";"ENTC1";"0";"0";"488";"0";"242";"57"
"839";"2015-03-04 17:25:42";"1";"ENTC1";"0";"0";"485";"0";"247";"64"
"840";"2015-03-04 17:25:42";"1";"ENTC1";"0";"0";"467";"0";"247";"60"
"841";"2015-03-04 17:25:42";"1";"ENTC1";"0";"0";"491";"0";"249";"38"
"842";"2015-03-04 17:25:42";"1";"ENTC1";"0";"0";"491";"0";"253";"53"
"843";"2015-03-04 17:25:43";"1";"ENTC1";"0";"0";"482";"0";"266";"56"
"844";"2015-03-04 17:25:43";"1";"ENTC1";"0";"0";"501";"0";"287";"41"
"845";"2015-03-04 17:25:43";"1";"ENTC1";"0";"0";"475";"0";"308";"58"
"846";"2015-03-04 17:25:43";"1";"ENTC1";"0";"0";"498";"0";"330";"53"
"847";"2015-03-04 17:25:43";"1";"ENTC1";"0";"0";"485";"0";"350";"58"
"848";"2015-03-04 17:25:43";"1";"ENTC1";"0";"0";"480";"0";"368";"63"
"849";"2015-03-04 17:25:43";"1";"ENTC1";"0";"0";"502";"0";"386";"52"
"850";"2015-03-04 17:25:43";"1";"ENTC1";"0";"0";"494";"0";"407";"52"
"851";"2015-03-04 17:25:43";"1";"ENTC1";"0";"0";"496";"0";"426";"48"
"852";"2015-03-04 17:25:43";"1";"ENTC1";"0";"0";"518";"1";"446";"35"
"853";"2015-03-04 17:25:43";"1";"ENTC1";"0";"0";"486";"1";"469";"51"
"854";"2015-03-04 17:25:43";"1";"ENTC1";"0";"0";"508";"1";"490";"55"
"855";"2015-03-04 17:25:43";"1";"ENTC1";"0";"0";"491";"1";"513";"47"
"856";"2015-03-04 17:25:43";"1";"ENTC1";"0";"0";"489";"1";"533";"54"
"857";"2015-03-04 17:25:43";"1";"ENTC1";"0";"0";"508";"1";"550";"51"
"858";"2015-03-04 17:25:43";"1";"ENTC1";"0";"0";"485";"1";"569";"66"
"859";"2015-03-04 17:25:43";"1";"ENTC1";"0";"0";"502";"1";"587";"67"
"860";"2015-03-04 17:25:43";"1";"ENTC1";"0";"0";"502";"1";"603";"53"
"861";"2015-03-04 17:25:43";"1";"ENTC1";"0";"0";"484";"0";"625";"50"
"862";"2015-03-04 17:25:43";"1";"ENTC1";"0";"0";"500";"0";"641";"49"
"863";"2015-03-04 17:25:44";"1";"ENTC1";"0";"0";"470";"0";"648";"51"
"864";"2015-03-04 17:25:44";"1";"ENTC1";"0";"0";"495";"0";"649";"48"
"865";"2015-03-04 17:25:44";"1";"ENTC1";"0";"0";"493";"0";"649";"51"
"866";"2015-03-04 17:25:44";"1";"ENTC1";"0";"0";"488";"0";"649";"53"
"867";"2015-03-04 17:25:44";"1";"ENTC1";"0";"0";"501";"0";"649";"58"
"868";"2015-03-04 17:25:44";"1";"ENTC1";"0";"0";"489";"0";"649";"47"
"869";"2015-03-04 17:25:44";"1";"ENTC1";"0";"0";"494";"0";"649";"54"
"870";"2015-03-04 17:25:44";"1";"ENTC1";"0";"0";"490";"0";"649";"57"
"871";"2015-03-04 17:25:44";"1";"ENTC1";"0";"0";"486";"0";"649";"43"
"872";"2015-03-04 17:25:44";"1";"ENTC1";"0";"0";"491";"0";"649";"43"
"873";"2015-03-04 17:25:44";"1";"ENTC1";"0";"0";"481";"0";"649";"64"
"874";"2015-03-04 17:25:44";"1";"ENTC1";"0";"0";"505";"0";"649";"60"
"875";"2015-03-04 17:25:44";"1";"ENTC1";"0";"0";"488";"0";"649";"52"
"876";"2015-03-04 17:25:44";"1";"ENTC1";"0";"0";"499";"0";"649";"46"
"877";"2015-03-04 17:25:44";"1";"ENTC1";"0";"0";"484";"0";"649";"64"
"878";"2015-03-04 17:25:44";"1";"ENTC1";"0";"0";"474";"0";"649";"39"
"879";"2015-03-04 17:25:44";"1";"ENTC1";"0";"0";"491";"0";"649";"48"
"880";"2015-03-04 17:25:44";"1";"ENTC1";"0";"0";"491";"0";"649";"52"
"881";"2015-03-04 17:25:44";"1";"ENTC1";"0";"0";"494";"0";"649";"50"
